Sample,Batch,Raw_Well,Corrected_Well,Assigned_Group
V:\TimsTOF-SCP\Data\240813_1_254_D2\1_254_D2_RA2_1_31969.d,Batch1,2,1,mC
V:\TimsTOF-SCP\Data\240813_1_254_D2\1_254_D2_RA3_1_31970.d,Batch1,3,2,mC
V:\TimsTOF-SCP\Data\240813_1_254_D2\1_254_D2_RA4_1_31971.d,Batch1,4,3,mC
V:\TimsTOF-SCP\Data\240813_1_254_D2\1_254_D2_RA5_1_31972.d,Batch1,5,4,mC
V:\TimsTOF-SCP\Data\240813_1_254_D2\1_254_D2_RA6_1_31973.d,Batch1,6,5,mC
V:\TimsTOF-SCP\Data\240813_1_254_D2\1_254_D2_RA7_1_31974.d,Batch1,7,6,mC
V:\TimsTOF-SCP\Data\240813_1_254_D2\1_254_D2_RA8_1_31975.d,Batch1,8,7,nomC
V:\TimsTOF-SCP\Data\240813_1_254_D2\1_254_D2_RA9_1_31976.d,Batch1,9,8,nomC
V:\TimsTOF-SCP\Data\240813_1_254_D2\1_254_D2_RA10_1_31977.d,Batch1,10,9,nomC
V:\TimsTOF-SCP\Data\240813_1_254_D2\1_254_D2_RA11_1_31978.d,Batch1,11,10,nomC
V:\TimsTOF-SCP\Data\240813_1_254_D2\1_254_D2_RA12_1_31979.d,Batch1,12,11,nomC
V:\TimsTOF-SCP\Data\240813_1_254_D2\1_254_D2_RA13_1_31980.d,Batch1,13,12,nomC
V:\TimsTOF-SCP\Data\240813_1_254_D2\1_254_D2_RA14_1_31981.d,Batch1,14,13,negative
V:\TimsTOF-SCP\Data\240813_1_254_D2\1_254_D2_RA15_1_31982.d,Batch1,15,14,negative
V:\TimsTOF-SCP\Data\240813_1_254_D2\1_254_D2_RA16_1_31983.d,Batch1,16,15,negative
V:\TimsTOF-SCP\Data\240813_1_254_D2\1_254_D2_RA23_1_31984.d,Batch1,23,16,negative
V:\TimsTOF-SCP\Data\240813_1_254_D2\STD-1_254_D2_RA24_1_31985.d,Batch1,24,23,std
V:\TimsTOF-SCP\Data\240813_1_254_D2\STD-1_254_D2_RB1_1_31986.d,Batch1,1,24,std
V:\TimsTOF-SCP\Data\240813_1_254_D2\1_254_D2_RB2_1_31987.d,Batch1,2,1,mC
V:\TimsTOF-SCP\Data\240813_1_254_D2\1_254_D2_RB3_1_31988.d,Batch1,3,2,mC
V:\TimsTOF-SCP\Data\240813_1_254_D2\1_254_D2_RB4_1_31989.d,Batch1,4,3,mC
V:\TimsTOF-SCP\Data\240813_1_254_D2\1_254_D2_RB5_1_31990.d,Batch1,5,4,mC
V:\TimsTOF-SCP\Data\240813_1_254_D2\1_254_D2_RB6_1_31991.d,Batch1,6,5,mC
V:\TimsTOF-SCP\Data\240813_1_254_D2\1_254_D2_RB7_1_31992.d,Batch1,7,6,mC
V:\TimsTOF-SCP\Data\240813_1_254_D2\1_254_D2_RB8_1_31993.d,Batch1,8,7,nomC
V:\TimsTOF-SCP\Data\240813_1_254_D2\1_254_D2_RB9_1_31994.d,Batch1,9,8,nomC
V:\TimsTOF-SCP\Data\240813_1_254_D2\1_254_D2_RB10_1_31995.d,Batch1,10,9,nomC
V:\TimsTOF-SCP\Data\240813_1_254_D2\1_254_D2_RB11_1_31996.d,Batch1,11,10,nomC
V:\TimsTOF-SCP\Data\240813_1_254_D2\1_254_D2_RB12_1_31997.d,Batch1,12,11,nomC
V:\TimsTOF-SCP\Data\240813_1_254_D2\1_254_D2_RB13_1_31998.d,Batch1,13,12,nomC
V:\TimsTOF-SCP\Data\240813_1_254_D2\1_254_D2_RB14_1_31999.d,Batch1,14,13,negative
V:\TimsTOF-SCP\Data\240813_1_254_D2\1_254_D2_RB15_1_32000.d,Batch1,15,14,negative
V:\TimsTOF-SCP\Data\240813_1_254_D2\1_254_D2_RB16_1_32001.d,Batch1,16,15,negative
V:\TimsTOF-SCP\Data\240813_1_254_D2\1_254_D2_RB23_1_32002.d,Batch1,23,16,negative
V:\TimsTOF-SCP\Data\240813_1_254_D2\STD-1_254_D2_RB24_1_32003.d,Batch1,24,23,std
V:\TimsTOF-SCP\Data\240813_1_254_D2\STD-1_254_D2_RC1_1_32004.d,Batch1,1,24,std
V:\TimsTOF-SCP\Data\240813_1_254_D2\1_254_D2_RC2_1_32005.d,Batch1,2,1,mC
V:\TimsTOF-SCP\Data\240813_1_254_D2\1_254_D2_RC3_1_32006.d,Batch1,3,2,mC
V:\TimsTOF-SCP\Data\240813_1_254_D2\1_254_D2_RC4_1_32007.d,Batch1,4,3,mC
V:\TimsTOF-SCP\Data\240813_1_254_D2\1_254_D2_RC5_1_32008.d,Batch1,5,4,mC
V:\TimsTOF-SCP\Data\240813_1_254_D2\1_254_D2_RC6_1_32009.d,Batch1,6,5,mC
V:\TimsTOF-SCP\Data\240813_1_254_D2\1_254_D2_RC7_1_32010.d,Batch1,7,6,mC
V:\TimsTOF-SCP\Data\240813_1_254_D2\1_254_D2_RC8_1_32011.d,Batch1,8,7,nomC
V:\TimsTOF-SCP\Data\240813_1_254_D2\1_254_D2_RC9_1_32012.d,Batch1,9,8,nomC
V:\TimsTOF-SCP\Data\240813_1_254_D2\1_254_D2_RC10_1_32013.d,Batch1,10,9,nomC
V:\TimsTOF-SCP\Data\240813_1_254_D2\1_254_D2_RC11_1_32014.d,Batch1,11,10,nomC
V:\TimsTOF-SCP\Data\240813_1_254_D2\1_254_D2_RC12_1_32015.d,Batch1,12,11,nomC
V:\TimsTOF-SCP\Data\240813_1_254_D2\1_254_D2_RC13_1_32016.d,Batch1,13,12,nomC
V:\TimsTOF-SCP\Data\240813_1_254_D2\1_254_D2_RC14_1_32017.d,Batch1,14,13,negative
V:\TimsTOF-SCP\Data\240813_1_254_D2\1_254_D2_RC15_1_32018.d,Batch1,15,14,negative
V:\TimsTOF-SCP\Data\240813_1_254_D2\1_254_D2_RC16_1_32019.d,Batch1,16,15,negative
V:\TimsTOF-SCP\Data\240813_1_254_D2\1_254_D2_RC23_1_32020.d,Batch1,23,16,negative
V:\TimsTOF-SCP\Data\240813_1_254_D2\STD-1_254_D2_RC24_1_32021.d,Batch1,24,23,std
V:\TimsTOF-SCP\Data\240813_1_254_D2\STD-1_254_D2_RD1_1_32022.d,Batch1,1,24,std
V:\TimsTOF-SCP\Data\240813_1_254_D2\1_254_D2_RD2_1_32023.d,Batch1,2,1,mC
V:\TimsTOF-SCP\Data\240813_1_254_D2\1_254_D2_RD3_1_32024.d,Batch1,3,2,mC
V:\TimsTOF-SCP\Data\240813_1_254_D2\1_254_D2_RD4_1_32025.d,Batch1,4,3,mC
V:\TimsTOF-SCP\Data\240813_1_254_D2\1_254_D2_RD5_1_32026.d,Batch1,5,4,mC
V:\TimsTOF-SCP\Data\240813_1_254_D2\1_254_D2_RD6_1_32027.d,Batch1,6,5,mC
V:\TimsTOF-SCP\Data\240813_1_254_D2\1_254_D2_RD7_1_32028.d,Batch1,7,6,mC
V:\TimsTOF-SCP\Data\240813_1_254_D2\1_254_D2_RD8_1_32029.d,Batch1,8,7,nomC
V:\TimsTOF-SCP\Data\240813_1_254_D2\1_254_D2_GA19_1_32030.d,Batch1,19,18,Unknown
V:\TimsTOF-SCP\Data\240813_1_254_D2\1_254_D2_RD10_1_32035.d,Batch1,10,9,nomC
V:\TimsTOF-SCP\Data\240813_1_254_D2\1_254_D2_RD11_1_32036.d,Batch1,11,10,nomC
V:\TimsTOF-SCP\Data\240813_1_254_D2\1_254_D2_RD12_1_32037.d,Batch1,12,11,nomC
V:\TimsTOF-SCP\Data\240813_1_254_D2\1_254_D2_RD13_1_32038.d,Batch1,13,12,nomC
V:\TimsTOF-SCP\Data\240813_1_254_D2\1_254_D2_RD14_1_32039.d,Batch1,14,13,negative
V:\TimsTOF-SCP\Data\240813_1_254_D2\1_254_D2_RD15_1_32040.d,Batch1,15,14,negative
V:\TimsTOF-SCP\Data\240813_1_254_D2\1_254_D2_RD16_1_32041.d,Batch1,16,15,negative
V:\TimsTOF-SCP\Data\240813_1_254_D2\1_254_D2_RD23_1_32042.d,Batch1,23,16,negative
V:\TimsTOF-SCP\Data\240813_1_254_D2\STD-1_254_D2_RD24_1_32043.d,Batch1,24,23,std
V:\TimsTOF-SCP\Data\240813_1_254_D2\STD-1_254_D2_RE1_1_32044.d,Batch1,1,24,std
V:\TimsTOF-SCP\Data\240813_1_254_D2\1_254_D2_RE2_1_32045.d,Batch1,2,1,mC
V:\TimsTOF-SCP\Data\240813_1_254_D2\1_254_D2_RE3_1_32046.d,Batch1,3,2,mC
V:\TimsTOF-SCP\Data\240813_1_254_D2\1_254_D2_RE4_1_32047.d,Batch1,4,3,mC
V:\TimsTOF-SCP\Data\240813_1_254_D2\1_254_D2_RE5_1_32048.d,Batch1,5,4,mC
V:\TimsTOF-SCP\Data\240813_1_254_D2\1_254_D2_RE6_1_32049.d,Batch1,6,5,mC
V:\TimsTOF-SCP\Data\240813_1_254_D2\1_254_D2_RE7_1_32050.d,Batch1,7,6,mC
V:\TimsTOF-SCP\Data\240813_1_254_D2\1_254_D2_RE8_1_32051.d,Batch1,8,7,nomC
V:\TimsTOF-SCP\Data\240813_1_254_D2\1_254_D2_RE9_1_32052.d,Batch1,9,8,nomC
V:\TimsTOF-SCP\Data\240813_1_254_D2\1_254_D2_RE10_1_32053.d,Batch1,10,9,nomC
V:\TimsTOF-SCP\Data\240813_1_254_D2\1_254_D2_RE11_1_32054.d,Batch1,11,10,nomC
V:\TimsTOF-SCP\Data\240813_1_254_D2\1_254_D2_RE12_1_32055.d,Batch1,12,11,nomC
V:\TimsTOF-SCP\Data\240813_1_254_D2\1_254_D2_RE13_1_32056.d,Batch1,13,12,nomC
V:\TimsTOF-SCP\Data\240813_1_254_D2\1_254_D2_RE14_1_32057.d,Batch1,14,13,negative
V:\TimsTOF-SCP\Data\240813_1_254_D2\1_254_D2_RE15_1_32058.d,Batch1,15,14,negative
V:\TimsTOF-SCP\Data\240813_1_254_D2\1_254_D2_RE23_1_32059.d,Batch1,23,16,negative
V:\TimsTOF-SCP\Data\240813_1_254_D2\STD-1_254_D2_RE24_1_32060.d,Batch1,24,23,std
V:\TimsTOF-SCP\Data\240813_1_254_D2\STD-1_254_D2_RF1_1_32061.d,Batch1,1,24,std
V:\TimsTOF-SCP\Data\240813_1_254_D2\1_254_D2_RF2_1_32062.d,Batch1,2,1,mC
V:\TimsTOF-SCP\Data\240813_1_254_D2\1_254_D2_RF3_1_32063.d,Batch1,3,2,mC
V:\TimsTOF-SCP\Data\240813_1_254_D2\1_254_D2_RF4_1_32064.d,Batch1,4,3,mC
V:\TimsTOF-SCP\Data\240813_1_254_D2\1_254_D2_RF5_1_32065.d,Batch1,5,4,mC
V:\TimsTOF-SCP\Data\240813_1_254_D2\1_254_D2_RF6_1_32066.d,Batch1,6,5,mC
V:\TimsTOF-SCP\Data\240813_1_254_D2\1_254_D2_RF7_1_32067.d,Batch1,7,6,mC
V:\TimsTOF-SCP\Data\240813_1_254_D2\1_254_D2_RF8_1_32068.d,Batch1,8,7,nomC
V:\TimsTOF-SCP\Data\240813_1_254_D2\1_254_D2_RF9_1_32069.d,Batch1,9,8,nomC
V:\TimsTOF-SCP\Data\240813_1_254_D2\1_254_D2_RF10_1_32070.d,Batch1,10,9,nomC
V:\TimsTOF-SCP\Data\240813_1_254_D2\1_254_D2_RF11_1_32071.d,Batch1,11,10,nomC
V:\TimsTOF-SCP\Data\240813_1_254_D2\1_254_D2_RF12_1_32072.d,Batch1,12,11,nomC
V:\TimsTOF-SCP\Data\240813_1_254_D2\1_254_D2_RF13_1_32073.d,Batch1,13,12,nomC
V:\TimsTOF-SCP\Data\240813_1_254_D2\1_254_D2_RF14_1_32074.d,Batch1,14,13,negative
V:\TimsTOF-SCP\Data\240813_1_254_D2\1_254_D2_RF15_1_32075.d,Batch1,15,14,negative
V:\TimsTOF-SCP\Data\240813_1_254_D2\1_254_D2_RF16_1_32076.d,Batch1,16,15,negative
V:\TimsTOF-SCP\Data\240813_1_254_D2\1_254_D2_RF17_1_32077.d,Batch1,17,16,negative
V:\TimsTOF-SCP\Data\240813_1_254_D2\1_254_D2_RF18_1_32078.d,Batch1,18,17,Unknown
V:\TimsTOF-SCP\Data\240813_1_254_D2\1_254_D2_RF19_1_32079.d,Batch1,19,18,Unknown
V:\TimsTOF-SCP\Data\240813_1_254_D2\1_254_D2_RF20_1_32080.d,Batch1,20,19,Unknown
V:\TimsTOF-SCP\Data\240813_1_254_D2\1_254_D2_RF21_1_32081.d,Batch1,21,20,Unknown
V:\TimsTOF-SCP\Data\240813_1_254_D2\1_254_D2_RF22_1_32082.d,Batch1,22,21,Unknown
V:\TimsTOF-SCP\Data\240813_1_254_D2\1_254_D2_RF23_1_32083.d,Batch1,23,16,negative
V:\TimsTOF-SCP\Data\240813_1_254_D2\STD-1_254_D2_RF24_1_32084.d,Batch1,24,23,std
V:\TimsTOF-SCP\Data\240813_1_254_D2\STD-1_254_D2_RG1_1_32085.d,Batch1,1,24,std
V:\TimsTOF-SCP\Data\240813_1_254_D2\1_254_D2_RG2_1_32086.d,Batch1,2,1,mC
V:\TimsTOF-SCP\Data\240813_1_254_D2\1_254_D2_RG3_1_32087.d,Batch1,3,2,mC
V:\TimsTOF-SCP\Data\240813_1_254_D2\1_254_D2_RG4_1_32088.d,Batch1,4,3,mC
V:\TimsTOF-SCP\Data\240813_1_254_D2\1_254_D2_RG5_1_32089.d,Batch1,5,4,mC
V:\TimsTOF-SCP\Data\240813_1_254_D2\1_254_D2_RG6_1_32090.d,Batch1,6,5,mC
V:\TimsTOF-SCP\Data\240813_1_254_D2\1_254_D2_RG7_1_32091.d,Batch1,7,6,mC
V:\TimsTOF-SCP\Data\240813_1_254_D2\1_254_D2_RG8_1_32092.d,Batch1,8,7,nomC
V:\TimsTOF-SCP\Data\240813_1_254_D2\1_254_D2_RG9_1_32093.d,Batch1,9,8,nomC
V:\TimsTOF-SCP\Data\240813_1_254_D2\1_254_D2_RG10_1_32094.d,Batch1,10,9,nomC
V:\TimsTOF-SCP\Data\240813_1_254_D2\1_254_D2_RG11_1_32095.d,Batch1,11,10,nomC
V:\TimsTOF-SCP\Data\240813_1_254_D2\1_254_D2_RG12_1_32096.d,Batch1,12,11,nomC
V:\TimsTOF-SCP\Data\240813_1_254_D2\1_254_D2_RG13_1_32097.d,Batch1,13,12,nomC
V:\TimsTOF-SCP\Data\240813_1_254_D2\1_254_D2_RG14_1_32098.d,Batch1,14,13,negative
V:\TimsTOF-SCP\Data\240813_1_254_D2\1_254_D2_RG15_1_32099.d,Batch1,15,14,negative
V:\TimsTOF-SCP\Data\240813_1_254_D2\1_254_D2_RG16_1_32100.d,Batch1,16,15,negative
V:\TimsTOF-SCP\Data\240813_1_254_D2\1_254_D2_GA21_1_32101.d,Batch1,21,20,Unknown
V:\TimsTOF-SCP\Data\240813_1_254_D2\STD-1_254_D2_RG24_1_32106.d,Batch1,24,23,std
V:\TimsTOF-SCP\Data\240813_1_254_D2\STD-1_254_D2_RH1_1_32107.d,Batch1,1,24,std
V:\TimsTOF-SCP\Data\240813_1_254_D2\1_254_D2_RH2_1_32108.d,Batch1,2,1,mC
V:\TimsTOF-SCP\Data\240813_1_254_D2\1_254_D2_RH3_1_32109.d,Batch1,3,2,mC
V:\TimsTOF-SCP\Data\240813_1_254_D2\1_254_D2_RH4_1_32110.d,Batch1,4,3,mC
V:\TimsTOF-SCP\Data\240813_1_254_D2\1_254_D2_RH5_1_32111.d,Batch1,5,4,mC
V:\TimsTOF-SCP\Data\240813_1_254_D2\1_254_D2_RH6_1_32112.d,Batch1,6,5,mC
V:\TimsTOF-SCP\Data\240813_1_254_D2\1_254_D2_RH7_1_32113.d,Batch1,7,6,mC
V:\TimsTOF-SCP\Data\240813_1_254_D2\1_254_D2_RH8_1_32114.d,Batch1,8,7,nomC
V:\TimsTOF-SCP\Data\240813_1_254_D2\1_254_D2_RH9_1_32115.d,Batch1,9,8,nomC
V:\TimsTOF-SCP\Data\240813_1_254_D2\1_254_D2_RH10_1_32116.d,Batch1,10,9,nomC
V:\TimsTOF-SCP\Data\240813_1_254_D2\1_254_D2_RH11_1_32117.d,Batch1,11,10,nomC
V:\TimsTOF-SCP\Data\240813_1_254_D2\1_254_D2_RH12_1_32118.d,Batch1,12,11,nomC
V:\TimsTOF-SCP\Data\240813_1_254_D2\1_254_D2_RH13_1_32119.d,Batch1,13,12,nomC
V:\TimsTOF-SCP\Data\240813_1_254_D2\1_254_D2_RH14_1_32120.d,Batch1,14,13,negative
V:\TimsTOF-SCP\Data\240813_1_254_D2\1_254_D2_RH15_1_32121.d,Batch1,15,14,negative
V:\TimsTOF-SCP\Data\240813_1_254_D2\1_254_D2_RH16_1_32122.d,Batch1,16,15,negative
V:\TimsTOF-SCP\Data\240813_1_254_D2\1_254_D2_RH23_1_32123.d,Batch1,23,16,negative
V:\TimsTOF-SCP\Data\240813_1_254_D2\STD-1_254_D2_RH24_1_32124.d,Batch1,24,23,std
V:\TimsTOF-SCP\Data\240813_1_254_D2\STD-1_254_D2_RI1_1_32125.d,Batch1,1,24,std
V:\TimsTOF-SCP\Data\240813_1_254_D2\1_254_D2_RI2_1_32126.d,Batch1,2,1,mC
V:\TimsTOF-SCP\Data\240813_1_254_D2\1_254_D2_RI3_1_32127.d,Batch1,3,2,mC
V:\TimsTOF-SCP\Data\240813_1_254_D2\1_254_D2_RI4_1_32128.d,Batch1,4,3,mC
V:\TimsTOF-SCP\Data\240813_1_254_D2\1_254_D2_RI5_1_32129.d,Batch1,5,4,mC
V:\TimsTOF-SCP\Data\240813_1_254_D2\1_254_D2_RI6_1_32130.d,Batch1,6,5,mC
V:\TimsTOF-SCP\Data\240813_1_254_D2\1_254_D2_RI7_1_32131.d,Batch1,7,6,mC
V:\TimsTOF-SCP\Data\240813_1_254_D2\1_254_D2_RI8_1_32132.d,Batch1,8,7,nomC
V:\TimsTOF-SCP\Data\240813_1_254_D2\1_254_D2_RI9_1_32133.d,Batch1,9,8,nomC
V:\TimsTOF-SCP\Data\240813_1_254_D2\1_254_D2_RI10_1_32134.d,Batch1,10,9,nomC
V:\TimsTOF-SCP\Data\240813_1_254_D2\1_254_D2_RI11_1_32135.d,Batch1,11,10,nomC
V:\TimsTOF-SCP\Data\240813_1_254_D2\1_254_D2_RI12_1_32136.d,Batch1,12,11,nomC
V:\TimsTOF-SCP\Data\240813_1_254_D2\1_254_D2_RI13_1_32137.d,Batch1,13,12,nomC
V:\TimsTOF-SCP\Data\240813_1_254_D2\1_254_D2_RI14_1_32138.d,Batch1,14,13,negative
V:\TimsTOF-SCP\Data\240813_1_254_D2\1_254_D2_RI15_1_32139.d,Batch1,15,14,negative
V:\TimsTOF-SCP\Data\240813_1_254_D2\1_254_D2_RI16_1_32140.d,Batch1,16,15,negative
V:\TimsTOF-SCP\Data\240813_1_254_D2\1_254_D2_RI23_1_32141.d,Batch1,23,16,negative
V:\TimsTOF-SCP\Data\240813_1_254_D2\STD-1_254_D2_RI24_1_32142.d,Batch1,24,23,std
V:\TimsTOF-SCP\Data\240813_1_254_D2\STD-1_254_D2_RJ1_1_32143.d,Batch1,1,24,std
V:\TimsTOF-SCP\Data\240813_1_254_D2\1_254_D2_RJ2_1_32144.d,Batch1,2,1,mC
V:\TimsTOF-SCP\Data\240813_1_254_D2\1_254_D2_RJ3_1_32145.d,Batch1,3,2,mC
V:\TimsTOF-SCP\Data\240813_1_254_D2\1_254_D2_RJ4_1_32146.d,Batch1,4,3,mC
V:\TimsTOF-SCP\Data\240813_1_254_D2\1_254_D2_RJ5_1_32147.d,Batch1,5,4,mC
V:\TimsTOF-SCP\Data\240813_1_254_D2\1_254_D2_RJ7_1_32149.d,Batch1,7,6,mC
V:\TimsTOF-SCP\Data\240813_1_254_D2\1_254_D2_RJ8_1_32150.d,Batch1,8,7,nomC
V:\TimsTOF-SCP\Data\240813_1_254_D2\1_254_D2_RJ9_1_32151.d,Batch1,9,8,nomC
V:\TimsTOF-SCP\Data\240813_1_254_D2\1_254_D2_RJ10_1_32152.d,Batch1,10,9,nomC
V:\TimsTOF-SCP\Data\240813_1_254_D2\1_254_D2_RJ11_1_32153.d,Batch1,11,10,nomC
V:\TimsTOF-SCP\Data\240813_1_254_D2\1_254_D2_RJ12_1_32154.d,Batch1,12,11,nomC
V:\TimsTOF-SCP\Data\240813_1_254_D2\1_254_D2_RJ13_1_32155.d,Batch1,13,12,nomC
V:\TimsTOF-SCP\Data\240813_1_254_D2\1_254_D2_RJ14_1_32156.d,Batch1,14,13,negative
V:\TimsTOF-SCP\Data\240813_1_254_D2\1_254_D2_RJ15_1_32157.d,Batch1,15,14,negative
V:\TimsTOF-SCP\Data\240813_1_254_D2\1_254_D2_RJ16_1_32158.d,Batch1,16,15,negative
V:\TimsTOF-SCP\Data\240813_1_254_D2\1_254_D2_RJ23_1_32159.d,Batch1,23,16,negative
V:\TimsTOF-SCP\Data\240813_1_254_D2\STD-1_254_D2_RJ24_1_32160.d,Batch1,24,23,std
V:\TimsTOF-SCP\Data\240813_1_254_D2\STD-1_254_D2_RK1_1_32161.d,Batch1,1,24,std
V:\TimsTOF-SCP\Data\240813_1_254_D2\1_254_D2_RK2_1_32162.d,Batch1,2,1,mC
V:\TimsTOF-SCP\Data\240813_1_254_D2\1_254_D2_RK3_1_32163.d,Batch1,3,2,mC
V:\TimsTOF-SCP\Data\240813_1_254_D2\1_254_D2_RK4_1_32164.d,Batch1,4,3,mC
V:\TimsTOF-SCP\Data\240813_1_254_D2\1_254_D2_RK5_1_32165.d,Batch1,5,4,mC
V:\TimsTOF-SCP\Data\240813_1_254_D2\1_254_D2_GA9_1_32167.d,Batch1,9,8,nomC
V:\TimsTOF-SCP\Data\240813_1_254_D2\1_254_D2_RK8_1_32168.d,Batch1,8,7,nomC
V:\TimsTOF-SCP\Data\240813_1_254_D2\1_254_D2_RK9_1_32169.d,Batch1,9,8,nomC
V:\TimsTOF-SCP\Data\240813_1_254_D2\1_254_D2_RK10_1_32170.d,Batch1,10,9,nomC
V:\TimsTOF-SCP\Data\240813_1_254_D2\1_254_D2_RK11_1_32171.d,Batch1,11,10,nomC
V:\TimsTOF-SCP\Data\240813_1_254_D2\1_254_D2_RK12_1_32172.d,Batch1,12,11,nomC
V:\TimsTOF-SCP\Data\240813_1_254_D2\1_254_D2_RK13_1_32173.d,Batch1,13,12,nomC
V:\TimsTOF-SCP\Data\240813_1_254_D2\1_254_D2_RK14_1_32174.d,Batch1,14,13,negative
V:\TimsTOF-SCP\Data\240813_1_254_D2\1_254_D2_RK15_1_32175.d,Batch1,15,14,negative
V:\TimsTOF-SCP\Data\240813_1_254_D2\1_254_D2_RK16_1_32176.d,Batch1,16,15,negative
V:\TimsTOF-SCP\Data\240813_1_254_D2\1_254_D2_RK23_1_32177.d,Batch1,23,16,negative
V:\TimsTOF-SCP\Data\240813_1_254_D2\STD-1_254_D2_RK24_1_32178.d,Batch1,24,23,std
V:\TimsTOF-SCP\Data\240813_1_254_D2\STD-1_254_D2_RL1_1_32179.d,Batch1,1,24,std
V:\TimsTOF-SCP\Data\240813_1_254_D2\1_254_D2_RL2_1_32180.d,Batch1,2,1,mC
V:\TimsTOF-SCP\Data\240813_1_254_D2\1_254_D2_RL3_1_32181.d,Batch1,3,2,mC
V:\TimsTOF-SCP\Data\240813_1_254_D2\1_254_D2_RL4_1_32182.d,Batch1,4,3,mC
V:\TimsTOF-SCP\Data\240813_1_254_D2\1_254_D2_RL5_1_32183.d,Batch1,5,4,mC
V:\TimsTOF-SCP\Data\240813_1_254_D2\1_254_D2_RL6_1_32184.d,Batch1,6,5,mC
V:\TimsTOF-SCP\Data\240813_1_254_D2\1_254_D2_RL7_1_32185.d,Batch1,7,6,mC
V:\TimsTOF-SCP\Data\240813_1_254_D2\1_254_D2_RL8_1_32186.d,Batch1,8,7,nomC
V:\TimsTOF-SCP\Data\240813_1_254_D2\1_254_D2_RL9_1_32187.d,Batch1,9,8,nomC
V:\TimsTOF-SCP\Data\240813_1_254_D2\1_254_D2_RL10_1_32188.d,Batch1,10,9,nomC
V:\TimsTOF-SCP\Data\240813_1_254_D2\1_254_D2_RL11_1_32189.d,Batch1,11,10,nomC
V:\TimsTOF-SCP\Data\240813_1_254_D2\1_254_D2_RL12_1_32190.d,Batch1,12,11,nomC
V:\TimsTOF-SCP\Data\240813_1_254_D2\1_254_D2_RL13_1_32191.d,Batch1,13,12,nomC
V:\TimsTOF-SCP\Data\240813_1_254_D2\1_254_D2_RL14_1_32192.d,Batch1,14,13,negative
V:\TimsTOF-SCP\Data\240813_1_254_D2\1_254_D2_RL15_1_32193.d,Batch1,15,14,negative
V:\TimsTOF-SCP\Data\240813_1_254_D2\1_254_D2_RL16_1_32194.d,Batch1,16,15,negative
V:\TimsTOF-SCP\Data\240813_1_254_D2\1_254_D2_RL23_1_32195.d,Batch1,23,16,negative
V:\TimsTOF-SCP\Data\240813_1_254_D2\STD-1_254_D2_RL24_1_32196.d,Batch1,24,23,std
V:\TimsTOF-SCP\Data\240813_1_254_D2\STD-1_254_D2_RM1_1_32197.d,Batch1,1,24,std
V:\TimsTOF-SCP\Data\240813_1_254_D2\1_254_D2_RM2_1_32198.d,Batch1,2,1,mC
V:\TimsTOF-SCP\Data\240813_1_254_D2\1_254_D2_RM3_1_32199.d,Batch1,3,2,mC
V:\TimsTOF-SCP\Data\240813_1_254_D2\1_254_D2_RM4_1_32200.d,Batch1,4,3,mC
V:\TimsTOF-SCP\Data\240813_1_254_D2\1_254_D2_RM5_1_32201.d,Batch1,5,4,mC
V:\TimsTOF-SCP\Data\240813_1_254_D2\1_254_D2_RM6_1_32202.d,Batch1,6,5,mC
V:\TimsTOF-SCP\Data\240813_1_254_D2\1_254_D2_RM7_1_32203.d,Batch1,7,6,mC
V:\TimsTOF-SCP\Data\240813_1_254_D2\1_254_D2_RM8_1_32204.d,Batch1,8,7,nomC
V:\TimsTOF-SCP\Data\240813_1_254_D2\1_254_D2_RM9_1_32205.d,Batch1,9,8,nomC
V:\TimsTOF-SCP\Data\240813_1_254_D2\1_254_D2_RM10_1_32206.d,Batch1,10,9,nomC
V:\TimsTOF-SCP\Data\240813_1_254_D2\1_254_D2_RM11_1_32207.d,Batch1,11,10,nomC
V:\TimsTOF-SCP\Data\240813_1_254_D2\1_254_D2_RM12_1_32208.d,Batch1,12,11,nomC
V:\TimsTOF-SCP\Data\240813_1_254_D2\1_254_D2_RM13_1_32209.d,Batch1,13,12,nomC
V:\TimsTOF-SCP\Data\240813_1_254_D2\1_254_D2_RM14_1_32210.d,Batch1,14,13,negative
V:\TimsTOF-SCP\Data\240813_1_254_D2\1_254_D2_RM15_1_32211.d,Batch1,15,14,negative
V:\TimsTOF-SCP\Data\240813_1_254_D2\1_254_D2_RM16_1_32212.d,Batch1,16,15,negative
V:\TimsTOF-SCP\Data\240813_1_254_D2\1_254_D2_RM23_1_32213.d,Batch1,23,16,negative
V:\TimsTOF-SCP\Data\240813_1_254_D2\STD-1_254_D2_RM24_1_32214.d,Batch1,24,23,std
V:\TimsTOF-SCP\Data\240813_1_254_D2\STD-1_254_D2_RN1_1_32215.d,Batch1,1,24,std
V:\TimsTOF-SCP\Data\240813_1_254_D2\1_254_D2_RN2_1_32216.d,Batch1,2,1,mC
V:\TimsTOF-SCP\Data\240813_1_254_D2\1_254_D2_RN3_1_32217.d,Batch1,3,2,mC
V:\TimsTOF-SCP\Data\240813_1_254_D2\1_254_D2_RN4_1_32218.d,Batch1,4,3,mC
V:\TimsTOF-SCP\Data\240813_1_254_D2\1_254_D2_RN5_1_32219.d,Batch1,5,4,mC
V:\TimsTOF-SCP\Data\240813_1_254_D2\1_254_D2_RN6_1_32220.d,Batch1,6,5,mC
V:\TimsTOF-SCP\Data\240813_1_254_D2\1_254_D2_RN7_1_32221.d,Batch1,7,6,mC
V:\TimsTOF-SCP\Data\240813_1_254_D2\1_254_D2_RN8_1_32222.d,Batch1,8,7,nomC
V:\TimsTOF-SCP\Data\240813_1_254_D2\1_254_D2_RN9_1_32223.d,Batch1,9,8,nomC
V:\TimsTOF-SCP\Data\240813_1_254_D2\1_254_D2_RN10_1_32224.d,Batch1,10,9,nomC
V:\TimsTOF-SCP\Data\240813_1_254_D2\1_254_D2_RN11_1_32225.d,Batch1,11,10,nomC
V:\TimsTOF-SCP\Data\240813_1_254_D2\1_254_D2_RN12_1_32226.d,Batch1,12,11,nomC
V:\TimsTOF-SCP\Data\240813_1_254_D2\1_254_D2_RN13_1_32227.d,Batch1,13,12,nomC
V:\TimsTOF-SCP\Data\240813_1_254_D2\1_254_D2_RN14_1_32228.d,Batch1,14,13,negative
V:\TimsTOF-SCP\Data\240813_1_254_D2\1_254_D2_RN15_1_32229.d,Batch1,15,14,negative
V:\TimsTOF-SCP\Data\240813_1_254_D2\1_254_D2_RN16_1_32230.d,Batch1,16,15,negative
V:\TimsTOF-SCP\Data\240813_1_254_D2\1_254_D2_RN23_1_32231.d,Batch1,23,16,negative
V:\TimsTOF-SCP\Data\240813_1_254_D2\STD-1_254_D2_RN24_1_32232.d,Batch1,24,23,std
V:\TimsTOF-SCP\Data\240813_1_254_D2\STD-1_254_D2_RN24_1_32233.d,Batch1,24,23,std
V:\TimsTOF-SCP\Data\240813_1_254_D2\1_254_D2_RO2_1_32234.d,Batch1,2,1,mC
V:\TimsTOF-SCP\Data\240813_1_254_D2\1_254_D2_RO3_1_32235.d,Batch1,3,2,mC
V:\TimsTOF-SCP\Data\240813_1_254_D2\1_254_D2_RO4_1_32236.d,Batch1,4,3,mC
V:\TimsTOF-SCP\Data\240813_1_254_D2\1_254_D2_RO5_1_32237.d,Batch1,5,4,mC
V:\TimsTOF-SCP\Data\240813_1_254_D2\1_254_D2_RO6_1_32238.d,Batch1,6,5,mC
V:\TimsTOF-SCP\Data\240813_1_254_D2\1_254_D2_RO7_1_32239.d,Batch1,7,6,mC
V:\TimsTOF-SCP\Data\240813_1_254_D2\1_254_D2_RO8_1_32240.d,Batch1,8,7,nomC
V:\TimsTOF-SCP\Data\240813_1_254_D2\1_254_D2_RO9_1_32241.d,Batch1,9,8,nomC
V:\TimsTOF-SCP\Data\240813_1_254_D2\1_254_D2_RO10_1_32242.d,Batch1,10,9,nomC
V:\TimsTOF-SCP\Data\240813_1_254_D2\1_254_D2_RO11_1_32243.d,Batch1,11,10,nomC
V:\TimsTOF-SCP\Data\240813_1_254_D2\1_254_D2_RO12_1_32244.d,Batch1,12,11,nomC
V:\TimsTOF-SCP\Data\240813_1_254_D2\1_254_D2_RO13_1_32245.d,Batch1,13,12,nomC
V:\TimsTOF-SCP\Data\240813_1_254_D2\1_254_D2_RO14_1_32246.d,Batch1,14,13,negative
V:\TimsTOF-SCP\Data\240813_1_254_D2\1_254_D2_RO15_1_32247.d,Batch1,15,14,negative
V:\TimsTOF-SCP\Data\240813_1_254_D2\1_254_D2_RO16_1_32248.d,Batch1,16,15,negative
V:\TimsTOF-SCP\Data\240813_1_254_D2\1_254_D2_RO23_1_32249.d,Batch1,23,16,negative
V:\TimsTOF-SCP\Data\240813_1_254_D2\STD-1_254_D2_RO24_1_32250.d,Batch1,24,23,std
V:\TimsTOF-SCP\Data\240813_1_254_D2\STD-1_254_D2_RP1_1_32251.d,Batch1,1,24,std
V:\TimsTOF-SCP\Data\240813_1_254_D2\1_254_D2_RP2_1_32252.d,Batch1,2,1,mC
V:\TimsTOF-SCP\Data\240813_1_254_D2\1_254_D2_RP3_1_32253.d,Batch1,3,2,mC
V:\TimsTOF-SCP\Data\240813_1_254_D2\1_254_D2_RP4_1_32254.d,Batch1,4,3,mC
V:\TimsTOF-SCP\Data\240813_1_254_D2\1_254_D2_RP5_1_32255.d,Batch1,5,4,mC
V:\TimsTOF-SCP\Data\240813_1_254_D2\1_254_D2_RP6_1_32256.d,Batch1,6,5,mC
V:\TimsTOF-SCP\Data\240813_1_254_D2\1_254_D2_RP7_1_32257.d,Batch1,7,6,mC
V:\TimsTOF-SCP\Data\240813_1_254_D2\1_254_D2_RP8_1_32258.d,Batch1,8,7,nomC
V:\TimsTOF-SCP\Data\240813_1_254_D2\1_254_D2_RP9_1_32259.d,Batch1,9,8,nomC
V:\TimsTOF-SCP\Data\240813_1_254_D2\1_254_D2_RP10_1_32260.d,Batch1,10,9,nomC
V:\TimsTOF-SCP\Data\240813_1_254_D2\1_254_D2_RP11_1_32261.d,Batch1,11,10,nomC
V:\TimsTOF-SCP\Data\240813_1_254_D2\1_254_D2_RP12_1_32262.d,Batch1,12,11,nomC
V:\TimsTOF-SCP\Data\240813_1_254_D2\1_254_D2_RP13_1_32263.d,Batch1,13,12,nomC
V:\TimsTOF-SCP\Data\240813_1_254_D2\1_254_D2_RP14_1_32264.d,Batch1,14,13,negative
V:\TimsTOF-SCP\Data\240813_1_254_D2\1_254_D2_RP15_1_32265.d,Batch1,15,14,negative
V:\TimsTOF-SCP\Data\240813_1_254_D2\1_254_D2_RP16_1_32266.d,Batch1,16,15,negative
V:\TimsTOF-SCP\Data\240813_1_254_D2\1_254_D2_RP23_1_32267.d,Batch1,23,16,negative
V:\TimsTOF-SCP\Data\240813_1_254_D2\STD-1_254_D2_RP24_1_32268.d,Batch1,24,23,std
V:\TimsTOF-SCP\Data\240813_1_254_D2\STD-1_254_D2_GA23_1_32269.d,Batch1,23,16,negative
V:\TimsTOF-SCP\Data\240813_1_254_D2\1_254_D2_RB17_1_32275.d,Batch1,17,16,negative
V:\TimsTOF-SCP\Data\240813_1_254_D2\1_254_D2_RB18_1_32276.d,Batch1,18,17,Unknown
V:\TimsTOF-SCP\Data\240813_1_254_D2\1_254_D2_RC17_1_32277.d,Batch1,17,16,negative
V:\TimsTOF-SCP\Data\240813_1_254_D2\1_254_D2_RC18_1_32278.d,Batch1,18,17,Unknown
V:\TimsTOF-SCP\Data\240813_1_254_D2\1_254_D2_RD17_1_32279.d,Batch1,17,16,negative
V:\TimsTOF-SCP\Data\240813_1_254_D2\1_254_D2_RD18_1_32280.d,Batch1,18,17,Unknown
V:\TimsTOF-SCP\Data\240813_1_254_D2\1_254_D2_RE17_1_32281.d,Batch1,17,16,negative
V:\TimsTOF-SCP\Data\240813_1_254_D2\1_254_D2_RE18_1_32282.d,Batch1,18,17,Unknown
V:\TimsTOF-SCP\Data\240813_1_254_D2\1_254_D2_RF17_1_32283.d,Batch1,17,16,negative
V:\TimsTOF-SCP\Data\240813_1_254_D2\1_254_D2_RF18_1_32284.d,Batch1,18,17,Unknown
V:\TimsTOF-SCP\Data\240813_1_254_D2\1_254_D2_RG17_1_32285.d,Batch1,17,16,negative
V:\TimsTOF-SCP\Data\240813_1_254_D2\1_254_D2_RG18_1_32286.d,Batch1,18,17,Unknown
V:\TimsTOF-SCP\Data\240813_1_254_D2\1_254_D2_RH17_1_32287.d,Batch1,17,16,negative
V:\TimsTOF-SCP\Data\240813_1_254_D2\1_254_D2_RH18_1_32288.d,Batch1,18,17,Unknown
V:\TimsTOF-SCP\Data\240813_1_254_D2\1_254_D2_RI17_1_32289.d,Batch1,17,16,negative
V:\TimsTOF-SCP\Data\240813_1_254_D2\1_254_D2_RI18_1_32290.d,Batch1,18,17,Unknown
V:\TimsTOF-SCP\Data\240813_1_254_D2\1_254_D2_RA17_1_32291.d,Batch1,17,16,negative
V:\TimsTOF-SCP\Data\240813_1_254_D2\1_254_D2_RJ17_1_32292.d,Batch1,17,16,negative
V:\TimsTOF-SCP\Data\240813_1_254_D2\1_254_D2_GB1_1_32293.d,Batch1,1,24,std
V:\TimsTOF-SCP\Data\240816_2inch_254_D11\2_254_D11_RA2_1_32305.d,Batch2,2,1,mC
V:\TimsTOF-SCP\Data\240816_2inch_254_D11\2_254_D11_RA3_1_32306.d,Batch2,3,2,mC
V:\TimsTOF-SCP\Data\240816_2inch_254_D11\2_254_D11_RA4_1_32307.d,Batch2,4,3,mC
V:\TimsTOF-SCP\Data\240816_2inch_254_D11\2_254_D11_RA5_1_32308.d,Batch2,5,4,mC
V:\TimsTOF-SCP\Data\240816_2inch_254_D11\2_254_D11_RA6_1_32309.d,Batch2,6,5,mC
V:\TimsTOF-SCP\Data\240816_2inch_254_D11\2_254_D11_RA7_1_32310.d,Batch2,7,6,mC
V:\TimsTOF-SCP\Data\240816_2inch_254_D11\2_254_D11_RA8_1_32311.d,Batch2,8,7,nomC
V:\TimsTOF-SCP\Data\240816_2inch_254_D11\2_254_D11_RA9_1_32312.d,Batch2,9,8,nomC
V:\TimsTOF-SCP\Data\240816_2inch_254_D11\2_254_D11_RA10_1_32313.d,Batch2,10,9,nomC
V:\TimsTOF-SCP\Data\240816_2inch_254_D11\2_254_D11_RA11_1_32314.d,Batch2,11,10,nomC
V:\TimsTOF-SCP\Data\240816_2inch_254_D11\2_254_D11_RA12_1_32315.d,Batch2,12,11,nomC
V:\TimsTOF-SCP\Data\240816_2inch_254_D11\2_254_D11_RA13_1_32316.d,Batch2,13,12,nomC
V:\TimsTOF-SCP\Data\240816_2inch_254_D11\2_254_D11_RA14_1_32317.d,Batch2,14,13,negative
V:\TimsTOF-SCP\Data\240816_2inch_254_D11\2_254_D11_RA15_1_32318.d,Batch2,15,14,negative
V:\TimsTOF-SCP\Data\240816_2inch_254_D11\2_254_D11_RA16_1_32319.d,Batch2,16,15,negative
V:\TimsTOF-SCP\Data\240816_2inch_254_D11\2_254_D11_RA23_1_32320.d,Batch2,23,16,negative
V:\TimsTOF-SCP\Data\240816_2inch_254_D11\STD_2_254_D11_RA24_1_32321.d,Batch2,24,23,std
V:\TimsTOF-SCP\Data\240816_2inch_254_D11\STD_2_254_D11_RB1_1_32322.d,Batch2,1,24,std
V:\TimsTOF-SCP\Data\240816_2inch_254_D11\2_254_D11_RB2_1_32323.d,Batch2,2,1,mC
V:\TimsTOF-SCP\Data\240816_2inch_254_D11\2_254_D11_RB3_1_32324.d,Batch2,3,2,mC
V:\TimsTOF-SCP\Data\240816_2inch_254_D11\2_254_D11_RB4_1_32325.d,Batch2,4,3,mC
V:\TimsTOF-SCP\Data\240816_2inch_254_D11\2_254_D11_RB5_1_32326.d,Batch2,5,4,mC
V:\TimsTOF-SCP\Data\240816_2inch_254_D11\2_254_D11_RB6_1_32327.d,Batch2,6,5,mC
V:\TimsTOF-SCP\Data\240816_2inch_254_D11\2_254_D11_RB7_1_32328.d,Batch2,7,6,mC
V:\TimsTOF-SCP\Data\240816_2inch_254_D11\2_254_D11_RB8_1_32329.d,Batch2,8,7,nomC
V:\TimsTOF-SCP\Data\240816_2inch_254_D11\2_254_D11_RB9_1_32330.d,Batch2,9,8,nomC
V:\TimsTOF-SCP\Data\240816_2inch_254_D11\2_254_D11_RB10_1_32331.d,Batch2,10,9,nomC
V:\TimsTOF-SCP\Data\240816_2inch_254_D11\2_254_D11_RB11_1_32332.d,Batch2,11,10,nomC
V:\TimsTOF-SCP\Data\240816_2inch_254_D11\2_254_D11_RB12_1_32333.d,Batch2,12,11,nomC
V:\TimsTOF-SCP\Data\240816_2inch_254_D11\2_254_D11_RB13_1_32334.d,Batch2,13,12,nomC
V:\TimsTOF-SCP\Data\240816_2inch_254_D11\2_254_D11_RB14_1_32335.d,Batch2,14,13,negative
V:\TimsTOF-SCP\Data\240816_2inch_254_D11\2_254_D11_RB15_1_32336.d,Batch2,15,14,negative
V:\TimsTOF-SCP\Data\240816_2inch_254_D11\2_254_D11_RB16_1_32337.d,Batch2,16,15,negative
V:\TimsTOF-SCP\Data\240816_2inch_254_D11\2_254_D11_RB23_1_32338.d,Batch2,23,16,negative
V:\TimsTOF-SCP\Data\240816_2inch_254_D11\STD_2_254_D11_RB24_1_32339.d,Batch2,24,23,std
V:\TimsTOF-SCP\Data\240816_2inch_254_D11\STD_2_254_D11_RC1_1_32340.d,Batch2,1,24,std
V:\TimsTOF-SCP\Data\240816_2inch_254_D11\2_254_D11_RC2_1_32341.d,Batch2,2,1,mC
V:\TimsTOF-SCP\Data\240816_2inch_254_D11\2_254_D11_RC3_1_32342.d,Batch2,3,2,mC
V:\TimsTOF-SCP\Data\240816_2inch_254_D11\2_254_D11_RC4_1_32343.d,Batch2,4,3,mC
V:\TimsTOF-SCP\Data\240816_2inch_254_D11\2_254_D11_RC5_1_32344.d,Batch2,5,4,mC
V:\TimsTOF-SCP\Data\240816_2inch_254_D11\2_254_D11_RC6_1_32345.d,Batch2,6,5,mC
V:\TimsTOF-SCP\Data\240816_2inch_254_D11\2_254_D11_RC7_1_32346.d,Batch2,7,6,mC
V:\TimsTOF-SCP\Data\240816_2inch_254_D11\2_254_D11_RC8_1_32347.d,Batch2,8,7,nomC
V:\TimsTOF-SCP\Data\240816_2inch_254_D11\2_254_D11_RC9_1_32348.d,Batch2,9,8,nomC
V:\TimsTOF-SCP\Data\240816_2inch_254_D11\2_254_D11_RC10_1_32349.d,Batch2,10,9,nomC
V:\TimsTOF-SCP\Data\240816_2inch_254_D11\2_254_D11_RC11_1_32350.d,Batch2,11,10,nomC
V:\TimsTOF-SCP\Data\240816_2inch_254_D11\2_254_D11_RC12_1_32351.d,Batch2,12,11,nomC
V:\TimsTOF-SCP\Data\240816_2inch_254_D11\2_254_D11_RC14_1_32353.d,Batch2,14,13,negative
V:\TimsTOF-SCP\Data\240816_2inch_254_D11\2_254_D11_RC15_1_32354.d,Batch2,15,14,negative
V:\TimsTOF-SCP\Data\240816_2inch_254_D11\2_254_D11_RC16_1_32355.d,Batch2,16,15,negative
V:\TimsTOF-SCP\Data\240816_2inch_254_D11\2_254_D11_RC23_1_32356.d,Batch2,23,16,negative
V:\TimsTOF-SCP\Data\240816_2inch_254_D11\STD_2_254_D11_RC24_1_32357.d,Batch2,24,23,std
V:\TimsTOF-SCP\Data\240816_2inch_254_D11\STD_2_254_D11_RD1_1_32358.d,Batch2,1,24,std
V:\TimsTOF-SCP\Data\240816_2inch_254_D11\2_254_D11_RD2_1_32359.d,Batch2,2,1,mC
V:\TimsTOF-SCP\Data\240816_2inch_254_D11\1_254_D2_RD3_1_32360.d,Batch2,3,2,mC
V:\TimsTOF-SCP\Data\240816_2inch_254_D11\1_254_D2_RD4_1_32361.d,Batch2,4,3,mC
V:\TimsTOF-SCP\Data\240816_2inch_254_D11\1_254_D2_RD5_1_32362.d,Batch2,5,4,mC
V:\TimsTOF-SCP\Data\240816_2inch_254_D11\1_254_D2_RD6_1_32363.d,Batch2,6,5,mC
V:\TimsTOF-SCP\Data\240816_2inch_254_D11\1_254_D2_RD7_1_32364.d,Batch2,7,6,mC
V:\TimsTOF-SCP\Data\240816_2inch_254_D11\1_254_D2_RD8_1_32365.d,Batch2,8,7,nomC
V:\TimsTOF-SCP\Data\240816_2inch_254_D11\1_254_D2_GB7_1_32366.d,Batch2,7,6,mC
V:\TimsTOF-SCP\Data\240816_2inch_254_D11\2_254_D11_RD10_1_32371.d,Batch2,10,9,nomC
V:\TimsTOF-SCP\Data\240816_2inch_254_D11\2_254_D11_RD11_1_32372.d,Batch2,11,10,nomC
V:\TimsTOF-SCP\Data\240816_2inch_254_D11\2_254_D11_RD12_1_32373.d,Batch2,12,11,nomC
V:\TimsTOF-SCP\Data\240816_2inch_254_D11\2_254_D11_RD13_1_32374.d,Batch2,13,12,nomC
V:\TimsTOF-SCP\Data\240816_2inch_254_D11\2_254_D11_RD14_1_32375.d,Batch2,14,13,negative
V:\TimsTOF-SCP\Data\240816_2inch_254_D11\2_254_D11_RD15_1_32376.d,Batch2,15,14,negative
V:\TimsTOF-SCP\Data\240816_2inch_254_D11\2_254_D11_RD16_1_32377.d,Batch2,16,15,negative
V:\TimsTOF-SCP\Data\240816_2inch_254_D11\2_254_D11_RD23_1_32378.d,Batch2,23,16,negative
V:\TimsTOF-SCP\Data\240816_2inch_254_D11\STD_2_254_D11_RD24_1_32379.d,Batch2,24,23,std
V:\TimsTOF-SCP\Data\240816_2inch_254_D11\STD_2_254_D11_RE1_1_32380.d,Batch2,1,24,std
V:\TimsTOF-SCP\Data\240816_2inch_254_D11\2_254_D11_RE2_1_32381.d,Batch2,2,1,mC
V:\TimsTOF-SCP\Data\240816_2inch_254_D11\2_254_D11_RE3_1_32382.d,Batch2,3,2,mC
V:\TimsTOF-SCP\Data\240816_2inch_254_D11\2_254_D11_RE4_1_32383.d,Batch2,4,3,mC
V:\TimsTOF-SCP\Data\240816_2inch_254_D11\2_254_D11_RE5_1_32384.d,Batch2,5,4,mC
V:\TimsTOF-SCP\Data\240816_2inch_254_D11\2_254_D11_RE6_1_32385.d,Batch2,6,5,mC
V:\TimsTOF-SCP\Data\240816_2inch_254_D11\2_254_D11_RE7_1_32386.d,Batch2,7,6,mC
V:\TimsTOF-SCP\Data\240816_2inch_254_D11\2_254_D11_RE8_1_32387.d,Batch2,8,7,nomC
V:\TimsTOF-SCP\Data\240816_2inch_254_D11\2_254_D11_RE9_1_32388.d,Batch2,9,8,nomC
V:\TimsTOF-SCP\Data\240816_2inch_254_D11\2_254_D11_RE10_1_32389.d,Batch2,10,9,nomC
V:\TimsTOF-SCP\Data\240816_2inch_254_D11\2_254_D11_RE11_1_32390.d,Batch2,11,10,nomC
V:\TimsTOF-SCP\Data\240816_2inch_254_D11\2_254_D11_RE12_1_32391.d,Batch2,12,11,nomC
V:\TimsTOF-SCP\Data\240816_2inch_254_D11\2_254_D11_RE13_1_32392.d,Batch2,13,12,nomC
V:\TimsTOF-SCP\Data\240816_2inch_254_D11\2_254_D11_RE14_1_32393.d,Batch2,14,13,negative
V:\TimsTOF-SCP\Data\240816_2inch_254_D11\2_254_D11_RE15_1_32394.d,Batch2,15,14,negative
V:\TimsTOF-SCP\Data\240816_2inch_254_D11\2_254_D11_RE23_1_32395.d,Batch2,23,16,negative
V:\TimsTOF-SCP\Data\240816_2inch_254_D11\STD_2_254_D11_RE24_1_32396.d,Batch2,24,23,std
V:\TimsTOF-SCP\Data\240816_2inch_254_D11\STD_2_254_D11_RF1_1_32397.d,Batch2,1,24,std
V:\TimsTOF-SCP\Data\240816_2inch_254_D11\2_254_D11_RF2_1_32398.d,Batch2,2,1,mC
V:\TimsTOF-SCP\Data\240816_2inch_254_D11\2_254_D11_RF3_1_32399.d,Batch2,3,2,mC
V:\TimsTOF-SCP\Data\240816_2inch_254_D11\2_254_D11_RF4_1_32400.d,Batch2,4,3,mC
V:\TimsTOF-SCP\Data\240816_2inch_254_D11\2_254_D11_RF5_1_32401.d,Batch2,5,4,mC
V:\TimsTOF-SCP\Data\240816_2inch_254_D11\2_254_D11_RF6_1_32402.d,Batch2,6,5,mC
V:\TimsTOF-SCP\Data\240816_2inch_254_D11\2_254_D11_RF7_1_32403.d,Batch2,7,6,mC
V:\TimsTOF-SCP\Data\240816_2inch_254_D11\2_254_D11_RF8_1_32404.d,Batch2,8,7,nomC
V:\TimsTOF-SCP\Data\240816_2inch_254_D11\2_254_D11_RF9_1_32405.d,Batch2,9,8,nomC
V:\TimsTOF-SCP\Data\240816_2inch_254_D11\2_254_D11_RF10_1_32406.d,Batch2,10,9,nomC
V:\TimsTOF-SCP\Data\240816_2inch_254_D11\2_254_D11_RF11_1_32407.d,Batch2,11,10,nomC
V:\TimsTOF-SCP\Data\240816_2inch_254_D11\2_254_D11_RF12_1_32408.d,Batch2,12,11,nomC
V:\TimsTOF-SCP\Data\240816_2inch_254_D11\2_254_D11_RF13_1_32409.d,Batch2,13,12,nomC
V:\TimsTOF-SCP\Data\240816_2inch_254_D11\2_254_D11_RF14_1_32410.d,Batch2,14,13,negative
V:\TimsTOF-SCP\Data\240816_2inch_254_D11\2_254_D11_RF15_1_32411.d,Batch2,15,14,negative
V:\TimsTOF-SCP\Data\240816_2inch_254_D11\2_254_D11_RF16_1_32412.d,Batch2,16,15,negative
V:\TimsTOF-SCP\Data\240816_2inch_254_D11\2_254_D11_RF17_1_32413.d,Batch2,17,16,negative
V:\TimsTOF-SCP\Data\240816_2inch_254_D11\2_254_D11_RF18_1_32414.d,Batch2,18,17,Unknown
V:\TimsTOF-SCP\Data\240816_2inch_254_D11\2_254_D11_RF19_1_32415.d,Batch2,19,18,Unknown
V:\TimsTOF-SCP\Data\240816_2inch_254_D11\2_254_D11_RF20_1_32416.d,Batch2,20,19,Unknown
V:\TimsTOF-SCP\Data\240816_2inch_254_D11\2_254_D11_RF21_1_32417.d,Batch2,21,20,Unknown
V:\TimsTOF-SCP\Data\240816_2inch_254_D11\2_254_D11_RF22_1_32418.d,Batch2,22,21,Unknown
V:\TimsTOF-SCP\Data\240816_2inch_254_D11\2_254_D11_RF23_1_32419.d,Batch2,23,16,negative
V:\TimsTOF-SCP\Data\240816_2inch_254_D11\STD_2_254_D11_RF24_1_32420.d,Batch2,24,23,std
V:\TimsTOF-SCP\Data\240816_2inch_254_D11\STD_2_254_D11_RG1_1_32421.d,Batch2,1,24,std
V:\TimsTOF-SCP\Data\240816_2inch_254_D11\2_254_D11_RG2_1_32422.d,Batch2,2,1,mC
V:\TimsTOF-SCP\Data\240816_2inch_254_D11\2_254_D11_RG3_1_32423.d,Batch2,3,2,mC
V:\TimsTOF-SCP\Data\240816_2inch_254_D11\2_254_D11_RG4_1_32424.d,Batch2,4,3,mC
V:\TimsTOF-SCP\Data\240816_2inch_254_D11\2_254_D11_RG5_1_32425.d,Batch2,5,4,mC
V:\TimsTOF-SCP\Data\240816_2inch_254_D11\2_254_D11_RG6_1_32426.d,Batch2,6,5,mC
V:\TimsTOF-SCP\Data\240816_2inch_254_D11\2_254_D11_RG7_1_32427.d,Batch2,7,6,mC
V:\TimsTOF-SCP\Data\240816_2inch_254_D11\2_254_D11_RG8_1_32428.d,Batch2,8,7,nomC
V:\TimsTOF-SCP\Data\240816_2inch_254_D11\2_254_D11_RG9_1_32429.d,Batch2,9,8,nomC
V:\TimsTOF-SCP\Data\240816_2inch_254_D11\2_254_D11_RG10_1_32430.d,Batch2,10,9,nomC
V:\TimsTOF-SCP\Data\240816_2inch_254_D11\2_254_D11_RG11_1_32431.d,Batch2,11,10,nomC
V:\TimsTOF-SCP\Data\240816_2inch_254_D11\2_254_D11_RG12_1_32432.d,Batch2,12,11,nomC
V:\TimsTOF-SCP\Data\240816_2inch_254_D11\2_254_D11_RG13_1_32433.d,Batch2,13,12,nomC
V:\TimsTOF-SCP\Data\240816_2inch_254_D11\2_254_D11_RG14_1_32434.d,Batch2,14,13,negative
V:\TimsTOF-SCP\Data\240816_2inch_254_D11\2_254_D11_RG15_1_32435.d,Batch2,15,14,negative
V:\TimsTOF-SCP\Data\240816_2inch_254_D11\2_254_D11_RG16_1_32436.d,Batch2,16,15,negative
V:\TimsTOF-SCP\Data\240816_2inch_254_D11\2_254_D11_GB9_1_32437.d,Batch2,9,8,nomC
V:\TimsTOF-SCP\Data\240816_2inch_254_D11\STD_2_254_D11_RG24_1_32442.d,Batch2,24,23,std
V:\TimsTOF-SCP\Data\240816_2inch_254_D11\STD_2_254_D11_RH1_1_32443.d,Batch2,1,24,std
V:\TimsTOF-SCP\Data\240816_2inch_254_D11\2_254_D11_RH2_1_32444.d,Batch2,2,1,mC
V:\TimsTOF-SCP\Data\240816_2inch_254_D11\2_254_D11_RH3_1_32445.d,Batch2,3,2,mC
V:\TimsTOF-SCP\Data\240816_2inch_254_D11\2_254_D11_RH4_1_32446.d,Batch2,4,3,mC
V:\TimsTOF-SCP\Data\240816_2inch_254_D11\2_254_D11_RH5_1_32447.d,Batch2,5,4,mC
V:\TimsTOF-SCP\Data\240816_2inch_254_D11\2_254_D11_RH6_1_32448.d,Batch2,6,5,mC
V:\TimsTOF-SCP\Data\240816_2inch_254_D11\2_254_D11_RH7_1_32449.d,Batch2,7,6,mC
V:\TimsTOF-SCP\Data\240816_2inch_254_D11\2_254_D11_RH8_1_32450.d,Batch2,8,7,nomC
V:\TimsTOF-SCP\Data\240816_2inch_254_D11\2_254_D11_RH9_1_32451.d,Batch2,9,8,nomC
V:\TimsTOF-SCP\Data\240816_2inch_254_D11\2_254_D11_RH10_1_32452.d,Batch2,10,9,nomC
V:\TimsTOF-SCP\Data\240816_2inch_254_D11\2_254_D11_RH11_1_32453.d,Batch2,11,10,nomC
V:\TimsTOF-SCP\Data\240816_2inch_254_D11\2_254_D11_RH12_1_32454.d,Batch2,12,11,nomC
V:\TimsTOF-SCP\Data\240816_2inch_254_D11\2_254_D11_RH13_1_32455.d,Batch2,13,12,nomC
V:\TimsTOF-SCP\Data\240816_2inch_254_D11\2_254_D11_RH14_1_32456.d,Batch2,14,13,negative
V:\TimsTOF-SCP\Data\240816_2inch_254_D11\2_254_D11_RH15_1_32457.d,Batch2,15,14,negative
V:\TimsTOF-SCP\Data\240816_2inch_254_D11\2_254_D11_RH16_1_32458.d,Batch2,16,15,negative
V:\TimsTOF-SCP\Data\240816_2inch_254_D11\2_254_D11_RH23_1_32459.d,Batch2,23,16,negative
V:\TimsTOF-SCP\Data\240816_2inch_254_D11\STD_2_254_D11_RH24_1_32460.d,Batch2,24,23,std
V:\TimsTOF-SCP\Data\240816_2inch_254_D11\STD_2_254_D11_RI1_1_32461.d,Batch2,1,24,std
V:\TimsTOF-SCP\Data\240816_2inch_254_D11\2_254_D11_RI2_1_32462.d,Batch2,2,1,mC
V:\TimsTOF-SCP\Data\240816_2inch_254_D11\2_254_D11_RI3_1_32463.d,Batch2,3,2,mC
V:\TimsTOF-SCP\Data\240816_2inch_254_D11\2_254_D11_RI4_1_32464.d,Batch2,4,3,mC
V:\TimsTOF-SCP\Data\240816_2inch_254_D11\2_254_D11_RI5_1_32465.d,Batch2,5,4,mC
V:\TimsTOF-SCP\Data\240816_2inch_254_D11\2_254_D11_RI6_1_32466.d,Batch2,6,5,mC
V:\TimsTOF-SCP\Data\240816_2inch_254_D11\2_254_D11_RI7_1_32467.d,Batch2,7,6,mC
V:\TimsTOF-SCP\Data\240816_2inch_254_D11\2_254_D11_RI8_1_32468.d,Batch2,8,7,nomC
V:\TimsTOF-SCP\Data\240816_2inch_254_D11\2_254_D11_RI9_1_32469.d,Batch2,9,8,nomC
V:\TimsTOF-SCP\Data\240816_2inch_254_D11\2_254_D11_RI10_1_32470.d,Batch2,10,9,nomC
V:\TimsTOF-SCP\Data\240816_2inch_254_D11\2_254_D11_RI11_1_32471.d,Batch2,11,10,nomC
V:\TimsTOF-SCP\Data\240816_2inch_254_D11\2_254_D11_RI12_1_32472.d,Batch2,12,11,nomC
V:\TimsTOF-SCP\Data\240816_2inch_254_D11\2_254_D11_RI13_1_32473.d,Batch2,13,12,nomC
V:\TimsTOF-SCP\Data\240816_2inch_254_D11\2_254_D11_RI14_1_32474.d,Batch2,14,13,negative
V:\TimsTOF-SCP\Data\240816_2inch_254_D11\2_254_D11_RI15_1_32475.d,Batch2,15,14,negative
V:\TimsTOF-SCP\Data\240816_2inch_254_D11\2_254_D11_RI16_1_32476.d,Batch2,16,15,negative
V:\TimsTOF-SCP\Data\240816_2inch_254_D11\2_254_D11_RI23_1_32477.d,Batch2,23,16,negative
V:\TimsTOF-SCP\Data\240816_2inch_254_D11\STD_2_254_D11_RI24_1_32478.d,Batch2,24,23,std
V:\TimsTOF-SCP\Data\240816_2inch_254_D11\STD_2_254_D11_RJ1_1_32479.d,Batch2,1,24,std
V:\TimsTOF-SCP\Data\240816_2inch_254_D11\2_254_D11_RJ2_1_32480.d,Batch2,2,1,mC
V:\TimsTOF-SCP\Data\240816_2inch_254_D11\2_254_D11_RJ3_1_32481.d,Batch2,3,2,mC
V:\TimsTOF-SCP\Data\240816_2inch_254_D11\2_254_D11_RJ4_1_32482.d,Batch2,4,3,mC
V:\TimsTOF-SCP\Data\240816_2inch_254_D11\2_254_D11_RJ5_1_32483.d,Batch2,5,4,mC
V:\TimsTOF-SCP\Data\240816_2inch_254_D11\2_254_D11_RJ6_1_32484.d,Batch2,6,5,mC
V:\TimsTOF-SCP\Data\240816_2inch_254_D11\2_254_D11_RJ7_1_32485.d,Batch2,7,6,mC
V:\TimsTOF-SCP\Data\240816_2inch_254_D11\2_254_D11_RJ8_1_32486.d,Batch2,8,7,nomC
V:\TimsTOF-SCP\Data\240816_2inch_254_D11\2_254_D11_RJ9_1_32487.d,Batch2,9,8,nomC
V:\TimsTOF-SCP\Data\240816_2inch_254_D11\2_254_D11_RJ10_1_32488.d,Batch2,10,9,nomC
V:\TimsTOF-SCP\Data\240816_2inch_254_D11\2_254_D11_RJ11_1_32489.d,Batch2,11,10,nomC
V:\TimsTOF-SCP\Data\240816_2inch_254_D11\2_254_D11_RJ12_1_32490.d,Batch2,12,11,nomC
V:\TimsTOF-SCP\Data\240816_2inch_254_D11\2_254_D11_RJ13_1_32491.d,Batch2,13,12,nomC
V:\TimsTOF-SCP\Data\240816_2inch_254_D11\2_254_D11_RJ14_1_32492.d,Batch2,14,13,negative
V:\TimsTOF-SCP\Data\240816_2inch_254_D11\2_254_D11_RJ15_1_32493.d,Batch2,15,14,negative
V:\TimsTOF-SCP\Data\240816_2inch_254_D11\2_254_D11_RJ16_1_32494.d,Batch2,16,15,negative
V:\TimsTOF-SCP\Data\240816_2inch_254_D11\2_254_D11_RJ23_1_32495.d,Batch2,23,16,negative
V:\TimsTOF-SCP\Data\240816_2inch_254_D11\STD_2_254_D11_RJ24_1_32496.d,Batch2,24,23,std
V:\TimsTOF-SCP\Data\240816_2inch_254_D11\STD_2_254_D11_RK1_1_32497.d,Batch2,1,24,std
V:\TimsTOF-SCP\Data\240816_2inch_254_D11\2_254_D11_GB11_1_32498.d,Batch2,11,10,nomC
V:\TimsTOF-SCP\Data\240816_2inch_254_D11\2_254_D11_RK3_1_32503.d,Batch2,3,2,mC
V:\TimsTOF-SCP\Data\240816_2inch_254_D11\2_254_D11_RK4_1_32504.d,Batch2,4,3,mC
V:\TimsTOF-SCP\Data\240816_2inch_254_D11\2_254_D11_RK5_1_32505.d,Batch2,5,4,mC
V:\TimsTOF-SCP\Data\240816_2inch_254_D11\2_254_D11_RK6_1_32506.d,Batch2,6,5,mC
V:\TimsTOF-SCP\Data\240816_2inch_254_D11\2_254_D11_GA9_1_32507.d,Batch2,9,8,nomC
V:\TimsTOF-SCP\Data\240816_2inch_254_D11\2_254_D11_RK8_1_32508.d,Batch2,8,7,nomC
V:\TimsTOF-SCP\Data\240816_2inch_254_D11\2_254_D11_RK9_1_32509.d,Batch2,9,8,nomC
V:\TimsTOF-SCP\Data\240816_2inch_254_D11\2_254_D11_RK10_1_32510.d,Batch2,10,9,nomC
V:\TimsTOF-SCP\Data\240816_2inch_254_D11\2_254_D11_RK11_1_32511.d,Batch2,11,10,nomC
V:\TimsTOF-SCP\Data\240816_2inch_254_D11\2_254_D11_RK12_1_32512.d,Batch2,12,11,nomC
V:\TimsTOF-SCP\Data\240816_2inch_254_D11\2_254_D11_RK13_1_32513.d,Batch2,13,12,nomC
V:\TimsTOF-SCP\Data\240816_2inch_254_D11\2_254_D11_RK14_1_32514.d,Batch2,14,13,negative
V:\TimsTOF-SCP\Data\240816_2inch_254_D11\2_254_D11_RK15_1_32515.d,Batch2,15,14,negative
V:\TimsTOF-SCP\Data\240816_2inch_254_D11\2_254_D11_RK16_1_32516.d,Batch2,16,15,negative
V:\TimsTOF-SCP\Data\240816_2inch_254_D11\2_254_D11_RK23_1_32517.d,Batch2,23,16,negative
V:\TimsTOF-SCP\Data\240816_2inch_254_D11\STD_2_254_D11_RK24_1_32518.d,Batch2,24,23,std
V:\TimsTOF-SCP\Data\240816_2inch_254_D11\2_254_D11_RL2_1_32520.d,Batch2,2,1,mC
V:\TimsTOF-SCP\Data\240816_2inch_254_D11\2_254_D11_RL3_1_32521.d,Batch2,3,2,mC
V:\TimsTOF-SCP\Data\240816_2inch_254_D11\2_254_D11_RL4_1_32522.d,Batch2,4,3,mC
V:\TimsTOF-SCP\Data\240816_2inch_254_D11\2_254_D11_RL5_1_32523.d,Batch2,5,4,mC
V:\TimsTOF-SCP\Data\240816_2inch_254_D11\2_254_D11_RL6_1_32524.d,Batch2,6,5,mC
V:\TimsTOF-SCP\Data\240816_2inch_254_D11\2_254_D11_RL7_1_32525.d,Batch2,7,6,mC
V:\TimsTOF-SCP\Data\240816_2inch_254_D11\2_254_D11_RL8_1_32526.d,Batch2,8,7,nomC
V:\TimsTOF-SCP\Data\240816_2inch_254_D11\2_254_D11_RL9_1_32527.d,Batch2,9,8,nomC
V:\TimsTOF-SCP\Data\240816_2inch_254_D11\2_254_D11_RL10_1_32528.d,Batch2,10,9,nomC
V:\TimsTOF-SCP\Data\240816_2inch_254_D11\2_254_D11_RL11_1_32529.d,Batch2,11,10,nomC
V:\TimsTOF-SCP\Data\240816_2inch_254_D11\2_254_D11_RL12_1_32530.d,Batch2,12,11,nomC
V:\TimsTOF-SCP\Data\240816_2inch_254_D11\2_254_D11_RL13_1_32531.d,Batch2,13,12,nomC
V:\TimsTOF-SCP\Data\240816_2inch_254_D11\2_254_D11_RL14_1_32532.d,Batch2,14,13,negative
V:\TimsTOF-SCP\Data\240816_2inch_254_D11\2_254_D11_RL15_1_32533.d,Batch2,15,14,negative
V:\TimsTOF-SCP\Data\240816_2inch_254_D11\2_254_D11_RL16_1_32534.d,Batch2,16,15,negative
V:\TimsTOF-SCP\Data\240816_2inch_254_D11\2_254_D11_RL23_1_32535.d,Batch2,23,16,negative
V:\TimsTOF-SCP\Data\240816_2inch_254_D11\STD_2_254_D11_RL24_1_32536.d,Batch2,24,23,std
V:\TimsTOF-SCP\Data\240816_2inch_254_D11\STD_2_254_D11_RM1_1_32537.d,Batch2,1,24,std
V:\TimsTOF-SCP\Data\240816_2inch_254_D11\2_254_D11_RM2_1_32538.d,Batch2,2,1,mC
V:\TimsTOF-SCP\Data\240816_2inch_254_D11\2_254_D11_RM3_1_32539.d,Batch2,3,2,mC
V:\TimsTOF-SCP\Data\240816_2inch_254_D11\2_254_D11_RM4_1_32540.d,Batch2,4,3,mC
V:\TimsTOF-SCP\Data\240816_2inch_254_D11\2_254_D11_RM5_1_32541.d,Batch2,5,4,mC
V:\TimsTOF-SCP\Data\240816_2inch_254_D11\2_254_D11_RM6_1_32542.d,Batch2,6,5,mC
V:\TimsTOF-SCP\Data\240816_2inch_254_D11\2_254_D11_RM7_1_32543.d,Batch2,7,6,mC
V:\TimsTOF-SCP\Data\240816_2inch_254_D11\2_254_D11_RM8_1_32544.d,Batch2,8,7,nomC
V:\TimsTOF-SCP\Data\240816_2inch_254_D11\2_254_D11_RM9_1_32545.d,Batch2,9,8,nomC
V:\TimsTOF-SCP\Data\240816_2inch_254_D11\2_254_D11_RM10_1_32546.d,Batch2,10,9,nomC
V:\TimsTOF-SCP\Data\240816_2inch_254_D11\2_254_D11_RM11_1_32547.d,Batch2,11,10,nomC
V:\TimsTOF-SCP\Data\240816_2inch_254_D11\2_254_D11_RM12_1_32548.d,Batch2,12,11,nomC
V:\TimsTOF-SCP\Data\240816_2inch_254_D11\2_254_D11_RM13_1_32549.d,Batch2,13,12,nomC
V:\TimsTOF-SCP\Data\240816_2inch_254_D11\2_254_D11_RM14_1_32550.d,Batch2,14,13,negative
V:\TimsTOF-SCP\Data\240816_2inch_254_D11\2_254_D11_RM15_1_32551.d,Batch2,15,14,negative
V:\TimsTOF-SCP\Data\240816_2inch_254_D11\2_254_D11_RM16_1_32552.d,Batch2,16,15,negative
V:\TimsTOF-SCP\Data\240816_2inch_254_D11\2_254_D11_RM23_1_32553.d,Batch2,23,16,negative
V:\TimsTOF-SCP\Data\240816_2inch_254_D11\STD_2_254_D11_RM24_1_32554.d,Batch2,24,23,std
V:\TimsTOF-SCP\Data\240816_2inch_254_D11\STD_2_254_D11_RN1_1_32555.d,Batch2,1,24,std
V:\TimsTOF-SCP\Data\240816_2inch_254_D11\2_254_D11_RN2_1_32556.d,Batch2,2,1,mC
V:\TimsTOF-SCP\Data\240816_2inch_254_D11\2_254_D11_RN3_1_32557.d,Batch2,3,2,mC
V:\TimsTOF-SCP\Data\240816_2inch_254_D11\2_254_D11_RN4_1_32558.d,Batch2,4,3,mC
V:\TimsTOF-SCP\Data\240816_2inch_254_D11\2_254_D11_RN5_1_32559.d,Batch2,5,4,mC
V:\TimsTOF-SCP\Data\240816_2inch_254_D11\2_254_D11_RN6_1_32560.d,Batch2,6,5,mC
V:\TimsTOF-SCP\Data\240816_2inch_254_D11\2_254_D11_RN7_1_32561.d,Batch2,7,6,mC
V:\TimsTOF-SCP\Data\240816_2inch_254_D11\2_254_D11_RN8_1_32562.d,Batch2,8,7,nomC
V:\TimsTOF-SCP\Data\240816_2inch_254_D11\2_254_D11_RN9_1_32563.d,Batch2,9,8,nomC
V:\TimsTOF-SCP\Data\240816_2inch_254_D11\2_254_D11_RN10_1_32564.d,Batch2,10,9,nomC
V:\TimsTOF-SCP\Data\240816_2inch_254_D11\2_254_D11_RN11_1_32565.d,Batch2,11,10,nomC
V:\TimsTOF-SCP\Data\240816_2inch_254_D11\2_254_D11_RN12_1_32566.d,Batch2,12,11,nomC
V:\TimsTOF-SCP\Data\240816_2inch_254_D11\2_254_D11_RN13_1_32567.d,Batch2,13,12,nomC
V:\TimsTOF-SCP\Data\240816_2inch_254_D11\2_254_D11_RN14_1_32568.d,Batch2,14,13,negative
V:\TimsTOF-SCP\Data\240816_2inch_254_D11\2_254_D11_RN15_1_32569.d,Batch2,15,14,negative
V:\TimsTOF-SCP\Data\240816_2inch_254_D11\2_254_D11_RN16_1_32570.d,Batch2,16,15,negative
V:\TimsTOF-SCP\Data\240816_2inch_254_D11\2_254_D11_RN23_1_32571.d,Batch2,23,16,negative
V:\TimsTOF-SCP\Data\240816_2inch_254_D11\STD_2_254_D11_RN24_1_32572.d,Batch2,24,23,std
V:\TimsTOF-SCP\Data\240816_2inch_254_D11\STD_2_254_D11_RN24_1_32573.d,Batch2,24,23,std
V:\TimsTOF-SCP\Data\240816_2inch_254_D11\2_254_D11_RO2_1_32574.d,Batch2,2,1,mC
V:\TimsTOF-SCP\Data\240816_2inch_254_D11\2_254_D11_RO3_1_32575.d,Batch2,3,2,mC
V:\TimsTOF-SCP\Data\240816_2inch_254_D11\2_254_D11_RO4_1_32576.d,Batch2,4,3,mC
V:\TimsTOF-SCP\Data\240816_2inch_254_D11\2_254_D11_RO5_1_32577.d,Batch2,5,4,mC
V:\TimsTOF-SCP\Data\240816_2inch_254_D11\2_254_D11_RO6_1_32578.d,Batch2,6,5,mC
V:\TimsTOF-SCP\Data\240816_2inch_254_D11\2_254_D11_RO7_1_32579.d,Batch2,7,6,mC
V:\TimsTOF-SCP\Data\240816_2inch_254_D11\2_254_D11_RO8_1_32580.d,Batch2,8,7,nomC
V:\TimsTOF-SCP\Data\240816_2inch_254_D11\2_254_D11_RO9_1_32581.d,Batch2,9,8,nomC
V:\TimsTOF-SCP\Data\240816_2inch_254_D11\2_254_D11_RO10_1_32582.d,Batch2,10,9,nomC
V:\TimsTOF-SCP\Data\240816_2inch_254_D11\2_254_D11_RO11_1_32583.d,Batch2,11,10,nomC
V:\TimsTOF-SCP\Data\240816_2inch_254_D11\2_254_D11_RO12_1_32584.d,Batch2,12,11,nomC
V:\TimsTOF-SCP\Data\240816_2inch_254_D11\2_254_D11_RO13_1_32585.d,Batch2,13,12,nomC
V:\TimsTOF-SCP\Data\240816_2inch_254_D11\2_254_D11_RO14_1_32586.d,Batch2,14,13,negative
V:\TimsTOF-SCP\Data\240816_2inch_254_D11\2_254_D11_RO15_1_32587.d,Batch2,15,14,negative
V:\TimsTOF-SCP\Data\240816_2inch_254_D11\2_254_D11_RO16_1_32588.d,Batch2,16,15,negative
V:\TimsTOF-SCP\Data\240816_2inch_254_D11\2_254_D11_RO23_1_32589.d,Batch2,23,16,negative
V:\TimsTOF-SCP\Data\240816_2inch_254_D11\STD_2_254_D11_RO24_1_32590.d,Batch2,24,23,std
V:\TimsTOF-SCP\Data\240816_2inch_254_D11\STD_2_254_D11_RP1_1_32591.d,Batch2,1,24,std
V:\TimsTOF-SCP\Data\240816_2inch_254_D11\2_254_D11_RP2_1_32592.d,Batch2,2,1,mC
V:\TimsTOF-SCP\Data\240816_2inch_254_D11\2_254_D11_RP3_1_32593.d,Batch2,3,2,mC
V:\TimsTOF-SCP\Data\240816_2inch_254_D11\2_254_D11_RP4_1_32594.d,Batch2,4,3,mC
V:\TimsTOF-SCP\Data\240816_2inch_254_D11\2_254_D11_RP5_1_32595.d,Batch2,5,4,mC
V:\TimsTOF-SCP\Data\240816_2inch_254_D11\2_254_D11_RP6_1_32596.d,Batch2,6,5,mC
V:\TimsTOF-SCP\Data\240816_2inch_254_D11\2_254_D11_RP7_1_32597.d,Batch2,7,6,mC
V:\TimsTOF-SCP\Data\240816_2inch_254_D11\2_254_D11_RP8_1_32598.d,Batch2,8,7,nomC
V:\TimsTOF-SCP\Data\240816_2inch_254_D11\2_254_D11_RP9_1_32599.d,Batch2,9,8,nomC
V:\TimsTOF-SCP\Data\240816_2inch_254_D11\2_254_D11_RP10_1_32600.d,Batch2,10,9,nomC
V:\TimsTOF-SCP\Data\240816_2inch_254_D11\2_254_D11_RP11_1_32601.d,Batch2,11,10,nomC
V:\TimsTOF-SCP\Data\240816_2inch_254_D11\2_254_D11_RP12_1_32602.d,Batch2,12,11,nomC
V:\TimsTOF-SCP\Data\240816_2inch_254_D11\2_254_D11_RP13_1_32603.d,Batch2,13,12,nomC
V:\TimsTOF-SCP\Data\240816_2inch_254_D11\2_254_D11_RP14_1_32604.d,Batch2,14,13,negative
V:\TimsTOF-SCP\Data\240816_2inch_254_D11\2_254_D11_RP15_1_32605.d,Batch2,15,14,negative
V:\TimsTOF-SCP\Data\240816_2inch_254_D11\2_254_D11_RP16_1_32606.d,Batch2,16,15,negative
V:\TimsTOF-SCP\Data\240816_2inch_254_D11\2_254_D11_RP23_1_32607.d,Batch2,23,16,negative
V:\TimsTOF-SCP\Data\240816_2inch_254_D11\STD_2_254_D11_RP24_1_32608.d,Batch2,24,23,std
V:\TimsTOF-SCP\Data\240816_2inch_254_D11\STD_2_254_D11_GB13_1_32609.d,Batch2,13,12,nomC
